n_inputs \ m_outputs,1,2,4,8,16,32,64
1,0.000083,0.000152,0.000311,0.000670,0.001408,0.002622,0.006021
2,0.000117,0.000230,0.000460,0.001038,0.002928,0.004205,0.007924
4,0.000159,0.000320,0.000648,0.002063,0.003187,0.005895,0.011552
8,0.000180,0.000371,0.000731,0.001539,0.003152,0.006461,0.013179
16,0.000264,0.000521,0.001164,0.002202,0.003840,0.008302,0.015113
32,0.000307,0.000686,0.001451,0.002925,0.005493,0.010551,0.020916
64,0.000473,0.001023,0.002244,0.004255,0.009361,0.016427,0.031561
