n_inputs \ m_outputs,1,2,4,8,16,32,64
1,0.000051,0.000089,0.000179,0.000387,0.000811,0.001592,0.002923
2,0.000077,0.000153,0.000308,0.000776,0.001664,0.003205,0.005638
4,0.000122,0.000236,0.000517,0.001333,0.002663,0.004150,0.008576
8,0.000143,0.000284,0.000597,0.001261,0.002512,0.004606,0.009879
16,0.000222,0.000406,0.000812,0.001516,0.002995,0.006085,0.011913
32,0.000254,0.000537,0.001174,0.002199,0.004671,0.008075,0.016439
64,0.000386,0.000870,0.001772,0.003488,0.006963,0.013506,0.026961
