n_inputs \ m_outputs,1,2,4,8,16,32,64
1,0.001229,0.002100,0.004359,0.008204,0.016698,0.034326,0.073486
2,0.001117,0.002343,0.004447,0.008783,0.017076,0.034757,0.072745
4,0.001120,0.002089,0.006227,0.008141,0.016520,0.036246,0.069396
8,0.001156,0.002172,0.004366,0.009169,0.019082,0.033978,0.073644
16,0.001428,0.002667,0.004937,0.009201,0.020559,0.035755,0.073387
32,0.001076,0.002060,0.004229,0.008154,0.017021,0.037164,0.069577
64,0.001166,0.002321,0.005714,0.008820,0.017485,0.038168,0.077715
