n_inputs \ m_outputs,1,2,4,8,16,32,64
1,0.000758,0.001403,0.002858,0.005688,0.011107,0.023542,0.050077
2,0.000737,0.001600,0.002989,0.005909,0.011549,0.024349,0.046671
4,0.000747,0.001341,0.004078,0.005558,0.011206,0.025346,0.046495
8,0.000745,0.001475,0.002876,0.005970,0.012357,0.023203,0.051679
16,0.000961,0.001674,0.003423,0.006250,0.013163,0.024304,0.050412
32,0.000690,0.001463,0.002710,0.005591,0.011453,0.025312,0.046837
64,0.000739,0.001536,0.003712,0.005681,0.012491,0.024962,0.053467
