n_inputs \ m_outputs,1,2,4,8,16,32,64
1,0.000061,0.000098,0.000217,0.000372,0.000727,0.001485,0.003061
2,0.000093,0.000221,0.000399,0.000728,0.001387,0.002784,0.005469
4,0.000144,0.000271,0.000612,0.001083,0.001948,0.004456,0.007934
8,0.000171,0.000332,0.000591,0.001339,0.002577,0.004696,0.010290
16,0.000271,0.000453,0.000947,0.001627,0.003521,0.006275,0.012443
32,0.000273,0.000536,0.001111,0.002097,0.004296,0.008823,0.016468
64,0.000445,0.000923,0.002001,0.003370,0.007333,0.014146,0.029087
