n_inputs \ m_outputs,1,2,4,8,16,32,64
1,0.000125,0.000170,0.000346,0.000654,0.001252,0.002488,0.005207
2,0.000139,0.000295,0.000544,0.001180,0.001908,0.004015,0.007912
4,0.000188,0.000331,0.000870,0.001347,0.002589,0.005768,0.010624
8,0.000218,0.000394,0.000875,0.001929,0.003319,0.005908,0.012607
16,0.000372,0.000630,0.001139,0.002076,0.004232,0.007413,0.014805
32,0.000344,0.000679,0.001250,0.002622,0.005108,0.010518,0.019720
64,0.000566,0.001098,0.002644,0.004289,0.008441,0.017376,0.034571
