n_inputs \ m_outputs,1,2,4,8,16,32,64
1,0.000819,0.001501,0.003074,0.006060,0.011834,0.025028,0.053138
2,0.000830,0.001820,0.003388,0.006637,0.012935,0.027133,0.052140
4,0.000892,0.001612,0.004689,0.006641,0.013154,0.029803,0.054429
8,0.000916,0.001807,0.003466,0.007308,0.014934,0.027900,0.061969
16,0.001232,0.002127,0.004371,0.007877,0.016684,0.030579,0.062854
32,0.000963,0.001999,0.003822,0.007688,0.015749,0.034135,0.063305
64,0.001183,0.002458,0.005713,0.009050,0.019824,0.039108,0.082554
