n_inputs \ m_outputs,1,2,4,8,16,32,64
1,0.001354,0.002270,0.004705,0.008859,0.017950,0.036814,0.078693
2,0.001256,0.002638,0.004991,0.009963,0.018984,0.038772,0.080657
4,0.001307,0.002420,0.007097,0.009488,0.019109,0.042013,0.080020
8,0.001374,0.002567,0.005242,0.011099,0.022401,0.039886,0.086251
16,0.001800,0.003297,0.006076,0.011277,0.024791,0.043168,0.088192
32,0.001419,0.002739,0.005479,0.010776,0.022130,0.047682,0.089297
64,0.001732,0.003419,0.008358,0.013110,0.025926,0.055544,0.112286
