n_inputs \ m_outputs,1,2,4,8,16,32,64
1,0.000088,0.000205,0.000382,0.000832,0.001701,0.002685,0.005206
2,0.000112,0.000240,0.000744,0.001202,0.002105,0.003897,0.007897
4,0.000170,0.000376,0.000782,0.001387,0.002921,0.005410,0.011833
8,0.000177,0.000394,0.000762,0.001591,0.003228,0.006186,0.012020
16,0.000229,0.000500,0.000985,0.002655,0.004317,0.007801,0.015309
32,0.000506,0.001281,0.002857,0.004118,0.006454,0.010865,0.020370
64,0.000586,0.001033,0.002096,0.004456,0.008105,0.016156,0.031007
