n_inputs \ m_outputs,1,2,4,8,16,32,64
1,0.000052,0.000122,0.000199,0.000427,0.001010,0.001680,0.002863
2,0.000076,0.000163,0.000428,0.000765,0.001393,0.002716,0.005474
4,0.000126,0.000281,0.000593,0.001101,0.002240,0.004043,0.009041
8,0.000136,0.000313,0.000608,0.001263,0.002474,0.004840,0.009270
16,0.000180,0.000386,0.000786,0.003829,0.003652,0.006486,0.012143
32,0.000466,0.000846,0.002030,0.002990,0.005094,0.008736,0.016614
64,0.000437,0.000859,0.001801,0.003730,0.006618,0.012789,0.025587
