n_inputs \ m_outputs,1,2,4,8,16,32,64
1,0.000757,0.001760,0.003428,0.006152,0.011737,0.027770,0.052781
2,0.000743,0.001515,0.003260,0.007480,0.012244,0.024088,0.048973
4,0.000815,0.001408,0.002723,0.006037,0.011264,0.022849,0.050137
8,0.000745,0.001445,0.002992,0.005659,0.010917,0.023551,0.046940
16,0.000790,0.001496,0.002791,0.005560,0.011297,0.025242,0.048648
32,0.000957,0.002044,0.003420,0.005795,0.011202,0.023280,0.048442
64,0.000693,0.001325,0.002823,0.005612,0.010782,0.024355,0.049990
