n_inputs \ m_outputs,1,2,4,8,16,32,64
1,0.001143,0.002576,0.005258,0.009217,0.017641,0.042132,0.076136
2,0.001182,0.002174,0.004778,0.011886,0.019028,0.035187,0.072650
4,0.001189,0.002211,0.004208,0.008037,0.017473,0.034027,0.074461
8,0.001089,0.002201,0.004360,0.007952,0.016423,0.035853,0.072474
16,0.001257,0.002361,0.004253,0.008310,0.016950,0.037753,0.070133
32,0.001400,0.003176,0.005061,0.008417,0.016836,0.035046,0.071280
64,0.001097,0.002284,0.004153,0.008409,0.016765,0.035810,0.073468
