n_inputs \ m_outputs,1,2,4,8,16,32,64
1,0.000111,0.000212,0.000400,0.000727,0.001362,0.003041,0.005221
2,0.000154,0.000284,0.000606,0.001420,0.002209,0.003874,0.007932
4,0.000224,0.000372,0.000725,0.001321,0.002806,0.005193,0.011076
8,0.000223,0.000396,0.000826,0.001484,0.002972,0.005981,0.012025
16,0.000264,0.000548,0.000953,0.001849,0.003647,0.007650,0.014830
32,0.000508,0.000925,0.001554,0.002735,0.005119,0.010263,0.020611
64,0.000521,0.001006,0.001903,0.004150,0.007607,0.016344,0.032697
