n_inputs \ m_outputs,1,2,4,8,16,32,64
1,0.000054,0.000113,0.000246,0.000389,0.000750,0.001743,0.003109
2,0.000098,0.000182,0.000367,0.000908,0.001579,0.002806,0.005699
4,0.000169,0.000287,0.000511,0.001073,0.002111,0.004021,0.008493
8,0.000154,0.000349,0.000614,0.001219,0.002419,0.004890,0.009552
16,0.000236,0.000393,0.000742,0.001459,0.002927,0.006515,0.012724
32,0.000387,0.000735,0.001315,0.002138,0.004148,0.008497,0.016909
64,0.000409,0.000817,0.001643,0.003337,0.006413,0.013343,0.027319
