n_inputs \ m_outputs,1,2,4,8,16,32,64
1,0.001254,0.002788,0.005657,0.009944,0.019003,0.045173,0.081358
2,0.001336,0.002457,0.005384,0.013306,0.021236,0.039061,0.080582
4,0.001413,0.002584,0.004933,0.009357,0.020279,0.039220,0.085537
8,0.001312,0.002596,0.005186,0.009436,0.019395,0.041834,0.084499
16,0.001521,0.002908,0.005206,0.010160,0.020597,0.045403,0.084962
32,0.001907,0.004101,0.006615,0.011151,0.021955,0.045309,0.091891
64,0.001618,0.003290,0.006057,0.012559,0.024372,0.052154,0.106166
