n_inputs \ m_outputs,1,2,4,8,16,32,64
1,0.000811,0.001873,0.003675,0.006541,0.012486,0.029513,0.055890
2,0.000840,0.001697,0.003627,0.008389,0.013823,0.026893,0.054672
4,0.000984,0.001695,0.003234,0.007110,0.013375,0.026869,0.058630
8,0.000899,0.001794,0.003606,0.006879,0.013336,0.028441,0.056492
16,0.001026,0.001889,0.003533,0.007019,0.014225,0.031758,0.061372
32,0.001344,0.002779,0.004735,0.007934,0.015350,0.031777,0.065351
64,0.001103,0.002142,0.004466,0.008950,0.017194,0.037698,0.077310
