s_shielded_inputs \ m_outputs,1,2,4,8,16,32,64
0,0.000727,0.001440,0.002791,0.005521,0.009828,0.017042,0.035740
1,0.000523,0.001120,0.002117,0.004426,0.008682,0.020936,0.035706
2,0.000518,0.001251,0.002446,0.004335,0.008829,0.020353,0.040208
4,0.000527,0.001015,0.002111,0.004241,0.008901,0.019426,0.035970
8,0.000623,0.001031,0.002214,0.005239,0.008269,0.017105,0.035369
16,0.000647,0.001061,0.002178,0.004978,0.009200,0.017341,0.033463
32,0.000475,0.000954,0.002008,0.004290,0.009843,0.017367,0.033456
64,0.000521,0.001088,0.002110,0.004312,0.008867,0.018459,0.035144
