s_shielded_inputs \ m_outputs,1,2,4,8,16,32,64
0,0.000748,0.001134,0.002135,0.004031,0.008119,0.014559,0.029640
1,0.000430,0.000928,0.001844,0.003655,0.007233,0.020239,0.029444
2,0.000449,0.000981,0.001988,0.003718,0.007733,0.018084,0.032399
4,0.000432,0.000855,0.001777,0.003671,0.007597,0.016497,0.029162
8,0.000492,0.000854,0.001772,0.004193,0.007754,0.014444,0.028755
16,0.000510,0.000995,0.001764,0.003965,0.007159,0.014548,0.027292
32,0.000394,0.000786,0.001742,0.003605,0.008315,0.014443,0.027831
64,0.000426,0.000882,0.001780,0.003456,0.006965,0.014965,0.030635
